{"version": 2, "width": 143, "height": 40, "timestamp": 1567099430, "env": {"SHELL": "/bin/bash", "TERM": "xterm-256color"}}
[0.164496, "o", "\u001b]0;admin@honii: ~\u0007\u001b[01;32madmin@honii\u001b[00m:\u001b[01;34m~\u001b[00m$ "]
[0.731891, "o", "l"]
[0.838066, "o", "s"]
[1.122495, "o", "\r\n"]
[1.212358, "o", "\u001b]0;admin@honii: ~\u0007\u001b[01;32madmin@honii\u001b[00m:\u001b[01;34m~\u001b[00m$ "]
[2.54568, "o", "w"]
[2.643183, "o", "h"]
[2.6976, "o", "o"]
[2.933614, "o", "a"]
[3.006041, "o", "m"]
[3.207993, "o", "i"]
[3.428328, "o", "\r\n"]
[3.505123, "o", "admin\r\n"]
[3.512066, "o", "\u001b]0;admin@honii: ~\u0007\u001b[01;32madmin@honii\u001b[00m:\u001b[01;34m~\u001b[00m$ "]
[4.721748, "o", "p"]
[4.835717, "o", "s"]
[5.011118, "o", " "]
[5.153792, "o", "a"]
[5.299003, "o", "u"]
[5.463553, "o", "x"]
[5.79794, "o", "\r\n"]
[5.925467, "o", "USER       PID %CPU %MEM    VSZ   RSS TTY      STAT START   TIME COMMAND\r\n"]
[5.926745, "o", "root         1  0.0  0.0   4628   660 ?        Ss   13:46   0:00 /bin/sh -c /etc/init.d/ssh start && sleep infinity\r\n"]
[5.927743, "o", "root        17  0.0  0.1  72296  4040 ?        Ss   13:46   0:00 /usr/sbin/sshd\r\n"]
[5.929186, "o", "root        18  0.0  0.0   4532   808 ?        S    13:46   0:00 sleep infinity\r\n"]
[5.930491, "o", "root       136  1.2  0.5 119872 12400 ?        Ss   17:23   0:00 sshd: admin [priv]\r\n"]
[5.933062, "o", "admin      151  0.1  0.3 119872  7476 ?        S    17:23   0:00 sshd: admin@pts/0\r\n"]
[5.934777, "o", "admin      152  0.3  0.1  20048  3260 pts/0    Ss+  17:23   0:00 -bash\r\n"]
[5.936134, "o", "admin      159  8.0  1.0 156020 23588 pts/0    Sl+  17:23   0:00 /usr/bin/python3 /usr/bin/asciinema rec -q /var/log/honii/asciinema_admin_1567\r\n"]
[5.941941, "o", "admin      163  0.0  0.8  73832 18648 pts/0    S+   17:23   0:00 /usr/bin/python3 /usr/bin/asciinema rec -q /var/log/honii/asciinema_admin_1567\r\n"]
[5.944617, "o", "admin      165  0.0  0.0   4628   856 pts/1    Ss   17:23   0:00 sh -c /bin/bash\r\n"]
[5.946369, "o", "admin      166  0.3  0.1  20180  3764 pts/1    S    17:23   0:00 /bin/bash\r\n"]
[5.947576, "o", "admin      173  0.0  0.1  36072  3372 pts/1    R+   17:23   0:00 ps aux\r\n"]
[5.962102, "o", "\u001b]0;admin@honii: ~\u0007\u001b[01;32madmin@honii\u001b[00m:\u001b[01;34m~\u001b[00m$ "]
[6.64925, "o", "e"]
[6.914941, "o", "x"]
[7.0567, "o", "i"]
[7.221329, "o", "t"]
[7.615971, "o", "\r\nexit\r\n"]